0173fb53-1443-4729-a0e5-1948dc34e516,albator
04c064ef-454a-45e4-81da-fa45b0b83e91,nosneros
06934f7f-4329-439d-9e4f-57e94fa73595,walt
0f8fecd6-69fb-46ae-880d-dd89092ae29e,payne
190da000-e46e-4a6a-90e3-73087bc03bdd,twig
25f05524-8d27-4938-93c7-4f1cde6dcabc,jikox
2d834f20-eaac-457e-b5c6-ceae7607b469,ssd
2e3bb5af-666a-45c2-a2b0-87437df8c629,yojimbo
30a8662c-3466-4815-9c44-f6a7a2feab38,flame
3960354d-3082-45fd-bf91-1f108f961936,chelsea
3b2027db-0f8d-4d26-9a4b-b22ad9f9bda3,rusty
3cd5e2c3-b078-4de2-b102-98aa135f0048,phlexxo
3e105d48-4fc0-40ca-9393-362bda7186b5,blarg
3ef1fa4e-5d04-4347-9025-8ff2fa502a65,bran
4157d49b-a235-4cec-82cb-a03816064f4b,nikon
42cf1a7d-d33c-422b-937d-cf55c223cfe1,lemyn
43a0c1bb-6e91-4c48-a406-b2b5e4760344,measure
512d6133-135e-4d63-a1d3-1e88dbc0e989,maverick
5334a536-8038-402e-9d3c-b1d26846c386,weazy
557aaf28-3679-4d77-b105-b791374e3b3a,derek
5640761e-f165-4f40-b3d6-3e3167dd767d,magduck
5f155cb1-12c7-442b-b698-8116bcbe1ff2,craneo
60848c66-4e28-4478-8b71-a0fb61087db8,bamboo
62989acf-f3b1-4a2e-baec-f07322c75247,shirley
666d033d-8472-4cd1-bc26-34d339d499b1,sneaky
6ac39840-d1dc-416f-9e9f-2079181181e6,bob
6c2e67bf-6149-4d14-9ede-5be08db8881e,badger
71d9057c-37e5-4bbd-9611-0983824b7751,pepe
72f5e5a0-e0bd-4805-add5-943122f941e0,jose
75666034-4105-4aef-a312-31822a46c1c3,vipr
7704dd3a-3075-473d-b42f-ed5231d50f4a,han_yolo
7749a6a4-5fe7-474e-ab08-614bfc383e98,onum
7881d150-49d4-4c02-a4be-cf83f0da04e6,demoledor
7fc562f5-7b04-4310-a164-9813b8f5c5e1,jade
8120201e-3eb4-4afa-a776-5b69e7680f08,unomas
82940e8e-3606-41d3-b448-6fab3de441ed,pacattack
8435d17f-5218-41dc-b27d-c14b44ff0c4f,fluffy
8470cdb1-716b-44e2-b0a6-a139a2a5e6f4,alien
8612de03-f66c-4281-9d7b-8b751837a3c6,jonus
8810f914-bc1a-40e3-b9c0-81a8efee243e,falcon
89dce3b2-2664-4bc5-816b-7ef200405322,slight
8b8e40d2-523c-4d8f-b96f-e8df1244fb23,chaco
8e73dd58-2044-4369-939c-744343a57e5e,underscore
8f0f3c04-3288-44b0-846c-a2e6889d2588,don
927d5410-28a1-4332-8f42-7c926d94bd73,van
95bb4d2b-f182-4fc1-9cda-c698201bb814,patron
964a6685-efef-4e7e-9f82-d89ff1997cb2,apathy
96d7a39d-3505-4a57-bfaf-a9f3ba6ac9d9,kate_wolf
9822b445-aca4-49e3-bfa9-4f15985a54aa,infi
983cba10-7013-4d75-a372-9fe9660e4659,oldie
98f65a98-6037-490f-8819-ff51a06aa90f,esta
99ba5484-072c-4dd0-a7ac-e2a462d6aced,johs
99e502d1-d4bf-4bd5-a71e-e62927c47514,guss
9f643e55-c4d2-4208-b8f3-f810c3dfe506,alien
a06214bf-85bb-40f9-b871-5979f40a3945,tina
a82fc873-fbf0-4dc0-96f3-7a0350045df7,mavis
aa797c29-0e5a-423c-ba15-991fb31b2895,badger
aa85dde3-df4a-4f86-ad9d-397643c60a7a,biell
ac00a355-a879-41d4-b9e8-35b9dfd04441,jeff
ac32e8bc-7ed7-43ad-84ec-8ea3a639a679,jaxx
ada38711-2fd1-473f-8cf6-fb6ac65401c6,waver
aef9e92f-c31c-4d51-9fd6-3b70ad95276b,york
b162cf92-e259-4294-9c98-e848574b356e,magduck
b2e95f26-e746-4aa6-931d-adf9624e3a8b,vesuvius
b2ebbe00-e9ec-4dce-8046-5c1ed501f48f,magduck
b3028920-bf23-4c4e-9155-84363099d373,alien
b6c2f239-1d54-401b-93e1-a213cbe3ee62,mathew
b88996a9-f24e-489e-8622-6c1779fe6629,aya
bbec4c90-672a-4c21-82f7-f7b90c49d058,ccn
bf8a265c-b972-41e3-8232-22f6bcf54d0f,kneegrow
c347778f-11f7-42f6-8a34-e9c3c47adb7c,goose
c3797e0d-53ad-45a5-b78e-3a6ee3404870,guardian
c7b104bd-ddbf-4cc6-9de1-73937838cede,esta
c9e24c41-292d-4d40-b76c-230d8f30ef32,stam
cb24fea2-c087-408a-995e-bc7cce9d00f7,evel
cd0eb2c6-a13b-4606-86fa-b5ca1d132d54,meridian
d0266294-76ce-4829-ab3f-40e1757565da,buffalo
d04e8392-8fd2-4b80-8285-109ce721da24,goal
d28ac87b-a9bc-448f-a37b-dfa6e540f80d,molotov
d325e025-21bb-4a0f-8e73-06bbd1ab2862,zz
d773e0ee-e898-4ca8-9d45-517f2287ee75,neil
d8330656-041c-4d94-821d-1b6a9332ef63,xx2
dad3d938-50d1-4a43-ad80-82c34a3007ae,crazy
de72ee12-61ae-427f-81f9-f16aba5e2977,shirley
e209af08-66eb-470d-b002-f722ccfcd7f4,gauze
e7f7bbc6-ec91-4166-8aff-fc30ac4f0c20,jaxx
e8489be1-bbdc-486e-9dd3-7ec48e88af9e,decline
eb3fdf89-247e-4d46-9c65-727db3dcb684,two_bad
f0815906-5a2b-4eba-bc6e-ea7092f37cfb,ken
f13bfe02-b980-45be-94d9-05c57bdda22d,falc
f2c7bf02-8a27-4997-b70b-27a06c3fb49d,xochis
f4beb702-f87f-4313-a887-5d89a1cea05b,lemyn
f955cbd2-7db5-48ef-b9fb-135f449196c3,woofy
fb4aaeb7-6d53-49dc-be69-b2e5305505fc,aer0gen
fedbb832-0493-48c7-b3c6-0ed595fba5bc,sanis
